{"version": {"json_export": "188", "page_segmentation": "5", "schema": "1.1.0", "structure": "1.1042.0", "table_structure": "5"}, "extended_metadata": {"ID_instance": "95 87 CA 3C 71 B7 B2 11 0A 00 67 45 8B 6B C6 23 ", "ID_permanent": "46 42 20 36 45 20 43 37 20 33 43 20 37 31 20 42 37 20 42 32 20 31 31 20 30 41 20 30 30 20 36 37 20 34 35 20 38 42 20 36 42 20 43 36 20 32 33 20 ", "pdf_version": "1.6", "pdfa_compliance_level": "", "is_encrypted": false, "has_acroform": false, "is_digitally_signed": false, "pdfua_compliance_level": "", "page_count": 3, "has_embedded_files": false, "is_certified": false, "is_XFA": false, "language": "en"}, "elements": [{"Bounds": [489.59271240234375, 731.93994140625, 583.3205718994141, 752.2955169677734], "Font": {"alt_family_name": "CID Font+ F", "embedded": true, "encoding": "Identity-H", "family_name": "CID Font+ F 1", "font_type": "CIDFontType2", "italic": false, "monospaced": false, "name": "CIDFont+F1", "subset": false, "weight": 400}, "HasClip": false, "Lang": "en", "Page": 0, "Path": "//Document/Sect/P", "Text": "OMB Number: 4040-0004 Expiration Date: 11/30/2025 ", "TextSize": 7.4398956298828125, "attributes": {"LineHeight": 12, "SpaceAfter": 9, "TextAlign": "End"}}, {"Bounds": [35.8125, 44.93251037597656, 584.7075042724609, 727.0274963378906], "ClipBounds": [35.8125, 44.93251037597656, 584.7075042724609, 727.0274963378906], "Page": 0, "Path": "//Document/Sect/Figure", "attributes": {"BBox": [35.998499999999694, 45.030399999999645, 584.61599999998, 726.8429999999935], "Placement": "Block"}}, {"Bounds": [35.39930725097656, 96.52407836914062, 495.96826171875, 719.9626922607422], "Page": 1, "Path": "//Document/Sect/Table", "attributes": {"BBox": [28.678799999999683, 82.82889999999679, 578.8559999999998, 726.8429999999935], "NumCol": 3, "NumRow": 10, "Placement": "Block", "SpaceAfter": 11.25}, "filePaths": ["tables/fileoutpart0.xlsx"]}, {"Bounds": [35.39930725097656, 709.5860595703125, 221.7351531982422, 719.9626922607422], "Page": 1, "Path": "//Document/Sect/Table/TR/TD", "attributes": {"BBox": [28.678799999999683, 702.7239999999874, 244.7899999999936, 726.8429999999935], "BlockAlign": "Middle", "BorderColor": [null, null, [0, 0, 0], null], "BorderStyle": ["None", "None", "Solid", "None"], "BorderThickness": [0, 0, 1.375, 0], "ColIndex": 0, "Height": 24.125, "InlineAlign": "Start", "RowIndex": 0, "Width": 216.125}}, {"Bounds": [35.39930725097656, 709.5860595703125, 221.7351531982422, 719.9626922607422], "Font": {"alt_family_name": "CID Font+ F", "embedded": true, "encoding": "Identity-H", "family_name": "CID Font+ F 2", "font_type": "CIDFontType2", "italic": false, "monospaced": false, "name": "CIDFont+F2", "subset": false, "weight": 400}, "HasClip": false, "Lang": "en", "Page": 1, "Path": "//Document/Sect/Table/TR/TD/P", "Text": "Application for Federal Assistance SF-424 ", "TextSize": 9.240097045898438, "attributes": {"LineHeight": 11.125}}, {"Path": "//Document/Sect/Table/TR/TD[2]", "attributes": {"BBox": [244.7899999999936, 702.7239999999874, 341.2659999999887, 726.8429999999935], "BlockAlign": "Before", "ColIndex": 1, "Height": 24.125, "InlineAlign": "Start", "RowIndex": 0, "Width": 96.5}}, {"Path": "//Document/Sect/Table/TR/TD[3]", "attributes": {"BBox": [341.2659999999887, 702.7239999999874, 580.1759999999776, 726.8429999999935], "BlockAlign": "Before", "BorderColor": [null, null, null, [0, 0, 0]], "BorderStyle": ["None", "None", "None", "Solid"], "BorderThickness": [0, 0, 0, 1.375], "ColIndex": 2, "Height": 24.125, "InlineAlign": "Start", "RowIndex": 0, "Width": 238.875}}, {"Bounds": [35.399993896484375, 592.0256195068359, 209.29823303222656, 697.0704040527344], "Page": 1, "Path": "//Document/Sect/Table/TR[2]/TD", "attributes": {"BBox": [28.678799999999683, 567.4889999999723, 244.7899999999936, 702.7239999999874], "BlockAlign": "Before", "BorderColor": [null, [0, 0, 0], [0, 0, 0], null], "BorderStyle": ["None", "Solid", "Double", "None"], "BorderThickness": [0, 0.625, 1.375, 0], "ColIndex": 0, "Height": 135.25, "InlineAlign": "Start", "RowIndex": 1, "Width": 216.125}}, {"Bounds": [35.399993896484375, 688.4457550048828, 40.307525634765625, 697.0704040527344], "Font": {"alt_family_name": "CID Font+ F", "embedded": true, "encoding": "Identity-H", "family_name": "CID Font+ F 2", "font_type": "CIDFontType2", "italic": false, "monospaced": false, "name": "CIDFont+F2", "subset": false, "weight": 400}, "HasClip": false, "Page": 1, "Path": "//Document/Sect/Table/TR[2]/TD/L/LI/Lbl", "Text": "* ", "TextSize": 7.67999267578125}, {"Bounds": [40.54559326171875, 688.4457550048828, 209.29823303222656, 697.0704040527344], "Font": {"alt_family_name": "CID Font+ F", "embedded": true, "encoding": "Identity-H", "family_name": "CID Font+ F 2", "font_type": "CIDFontType2", "italic": false, "monospaced": false, "name": "CIDFont+F2", "subset": false, "weight": 400}, "HasClip": false, "Page": 1, "Path": "//Document/Sect/Table/TR[2]/TD/L/LI/LBody", "Text": "9. Type of Applicant 1: Select Applicant Type: ", "TextSize": 7.67999267578125}, {"Bounds": [35.40119934082031, 656.8197021484375, 178.37376403808594, 665.1747131347656], "Font": {"alt_family_name": "CID Font+ F", "embedded": true, "encoding": "Identity-H", "family_name": "CID Font+ F 1", "font_type": "CIDFontType2", "italic": false, "monospaced": false, "name": "CIDFont+F1", "subset": false, "weight": 400}, "HasClip": false, "Lang": "en", "Page": 1, "Path": "//Document/Sect/Table/TR[2]/TD/P", "Text": "Type of Applicant 2: Select Applicant Type: ", "TextSize": 7.4398956298828125, "attributes": {"LineHeight": 8.875}}, {"Bounds": [35.40119934082031, 624.4189300537109, 178.37376403808594, 632.7739410400391], "Font": {"alt_family_name": "CID Font+ F", "embedded": true, "encoding": "Identity-H", "family_name": "CID Font+ F 1", "font_type": "CIDFontType2", "italic": false, "monospaced": false, "name": "CIDFont+F1", "subset": false, "weight": 400}, "HasClip": false, "Lang": "en", "Page": 1, "Path": "//Document/Sect/Table/TR[2]/TD/P[2]", "Text": "Type of Applicant 3: Select Applicant Type: ", "TextSize": 7.4398956298828125, "attributes": {"LineHeight": 8.875}}, {"Bounds": [35.40119934082031, 592.0256195068359, 40.15528869628906, 600.380615234375], "Font": {"alt_family_name": "CID Font+ F", "embedded": true, "encoding": "Identity-H", "family_name": "CID Font+ F 1", "font_type": "CIDFontType2", "italic": false, "monospaced": false, "name": "CIDFont+F1", "subset": false, "weight": 400}, "HasClip": false, "Page": 1, "Path": "//Document/Sect/Table/TR[2]/TD/L[2]/LI/Lbl", "Text": "* ", "TextSize": 7.4398956298828125}, {"Bounds": [40.31153869628906, 592.0256195068359, 92.74050903320312, 600.380615234375], "Font": {"alt_family_name": "CID Font+ F", "embedded": true, "encoding": "Identity-H", "family_name": "CID Font+ F 1", "font_type": "CIDFontType2", "italic": false, "monospaced": false, "name": "CIDFont+F1", "subset": false, "weight": 400}, "HasClip": false, "Page": 1, "Path": "//Document/Sect/Table/TR[2]/TD/L[2]/LI/LBody", "Text": "Other (specify): ", "TextSize": 7.4398956298828125}, {"Path": "//Document/Sect/Table/TR[2]/TD[2]", "attributes": {"BBox": [244.7899999999936, 567.4889999999723, 341.2659999999887, 702.7239999999874], "BlockAlign": "Before", "BorderColor": [null, [0, 0, 0], null, null], "BorderStyle": ["None", "Solid", "None", "None"], "BorderThickness": [0, 0.625, 0, 0], "ColIndex": 1, "Height": 135.25, "InlineAlign": "Start", "RowIndex": 1, "Width": 96.5}}, {"Path": "//Document/Sect/Table/TR[2]/TD[3]", "attributes": {"BBox": [341.2659999999887, 567.4889999999723, 580.1759999999776, 702.7239999999874], "BlockAlign": "Before", "BorderColor": [null, [0, 0, 0], null, [0, 0, 0]], "BorderStyle": ["None", "Solid", "None", "Solid"], "BorderThickness": [0, 0.625, 0, 1.375], "ColIndex": 2, "Height": 135.25, "InlineAlign": "Start", "RowIndex": 1, "Width": 238.875}}, {"Bounds": [35.399993896484375, 554.645263671875, 147.78143310546875, 563.2698974609375], "Page": 1, "Path": "//Document/Sect/Table/TR[3]/TD", "attributes": {"BBox": [28.678799999999683, 531.49099999998, 244.7899999999936, 568.8089999999793], "BlockAlign": "Before", "BorderColor": [[0, 0, 0], [0, 0, 0], [0, 0, 0], null], "BorderStyle": ["Solid", "Double", "Double", "None"], "BorderThickness": [0.625, 0.625, 1.375, 0], "ColIndex": 0, "Height": 37.375, "InlineAlign": "Start", "RowIndex": 2, "Width": 216.125}}, {"Bounds": [35.399993896484375, 554.645263671875, 147.78143310546875, 563.2698974609375], "Font": {"alt_family_name": "CID Font+ F", "embedded": true, "encoding": "Identity-H", "family_name": "CID Font+ F 2", "font_type": "CIDFontType2", "italic": false, "monospaced": false, "name": "CIDFont+F2", "subset": false, "weight": 400}, "HasClip": false, "Lang": "en", "Page": 1, "Path": "//Document/Sect/Table/TR[3]/TD/P", "Text": "* 10. Name of Federal Agency: ", "TextSize": 7.67999267578125, "attributes": {"LineHeight": 9.25}}, {"Path": "//Document/Sect/Table/TR[3]/TD[2]", "attributes": {"BBox": [244.7899999999936, 531.49099999998, 341.2659999999887, 568.8089999999793], "BlockAlign": "Before", "BorderColor": [[0, 0, 0], [0, 0, 0], null, null], "BorderStyle": ["Solid", "Double", "None", "None"], "BorderThickness": [0.625, 0.625, 0, 0], "ColIndex": 1, "Height": 37.375, "InlineAlign": "Start", "RowIndex": 2, "Width": 96.5}}, {"Path": "//Document/Sect/Table/TR[3]/TD[3]", "attributes": {"BBox": [341.2659999999887, 531.49099999998, 580.1759999999776, 568.8089999999793], "BlockAlign": "Before", "BorderColor": [[0, 0, 0], [0, 0, 0], null, [0, 0, 0]], "BorderStyle": ["Solid", "Double", "None", "Solid"], "BorderThickness": [0.625, 0.625, 0, 1.375], "ColIndex": 2, "Height": 37.375, "InlineAlign": "Start", "RowIndex": 2, "Width": 238.875}}, {"Bounds": [35.399993896484375, 486.4205017089844, 230.6486358642578, 526.6670227050781], "Page": 1, "Path": "//Document/Sect/Table/TR[4]/TD", "attributes": {"BBox": [28.678799999999683, 452.2939999999944, 244.7899999999936, 532.810999999987], "BlockAlign": "Before", "BorderColor": [[0, 0, 0], [0, 0, 0], [0, 0, 0], null], "BorderStyle": ["Double", "Solid", "Double", "None"], "BorderThickness": [0.625, 0.625, 1.375, 0], "ColIndex": 0, "Height": 80.5, "InlineAlign": "Start", "RowIndex": 3, "Width": 216.125}}, {"Bounds": [35.399993896484375, 518.0423736572266, 230.6486358642578, 526.6670227050781], "Font": {"alt_family_name": "CID Font+ F", "embedded": true, "encoding": "Identity-H", "family_name": "CID Font+ F 2", "font_type": "CIDFontType2", "italic": false, "monospaced": false, "name": "CIDFont+F2", "subset": false, "weight": 400}, "HasClip": false, "Lang": "en", "Page": 1, "Path": "//Document/Sect/Table/TR[4]/TD/P", "Text": "11. Catalog of Federal Domestic Assistance Number: ", "TextSize": 7.67999267578125, "attributes": {"LineHeight": 9.25}}, {"Bounds": [35.40119934082031, 486.4205017089844, 75.40554809570312, 494.7755126953125], "Font": {"alt_family_name": "CID Font+ F", "embedded": true, "encoding": "Identity-H", "family_name": "CID Font+ F 1", "font_type": "CIDFontType2", "italic": false, "monospaced": false, "name": "CIDFont+F1", "subset": false, "weight": 400}, "HasClip": false, "Lang": "en", "Page": 1, "Path": "//Document/Sect/Table/TR[4]/TD/P[2]", "Text": "CFDA Title: ", "TextSize": 7.4398956298828125, "attributes": {"LineHeight": 8.875}}, {"Path": "//Document/Sect/Table/TR[4]/TD[2]", "attributes": {"BBox": [244.7899999999936, 452.2939999999944, 341.2659999999887, 532.810999999987], "BlockAlign": "Before", "BorderColor": [[0, 0, 0], [0, 0, 0], null, null], "BorderStyle": ["Double", "Solid", "None", "None"], "BorderThickness": [0.625, 0.625, 0, 0], "ColIndex": 1, "Height": 80.5, "InlineAlign": "Start", "RowIndex": 3, "Width": 96.5}}, {"Path": "//Document/Sect/Table/TR[4]/TD[3]", "attributes": {"BBox": [341.2659999999887, 452.2939999999944, 580.1759999999776, 532.810999999987], "BlockAlign": "Before", "BorderColor": [[0, 0, 0], [0, 0, 0], null, [0, 0, 0]], "BorderStyle": ["Double", "Solid", "None", "Solid"], "BorderThickness": [0.625, 0.625, 0, 1.375], "ColIndex": 2, "Height": 80.5, "InlineAlign": "Start", "RowIndex": 3, "Width": 238.875}}, {"Bounds": [35.399993896484375, 407.82350158691406, 165.67584228515625, 448.0699005126953], "Page": 1, "Path": "//Document/Sect/Table/TR[5]/TD", "attributes": {"BBox": [28.678799999999683, 345.73799999999756, 244.7899999999936, 453.61399999998685], "BlockAlign": "Before", "BorderColor": [[0, 0, 0], [0, 0, 0], [0, 0, 0], null], "BorderStyle": ["Solid", "Solid", "Double", "None"], "BorderThickness": [0.625, 0.625, 1.375, 0], "ColIndex": 0, "Height": 107.875, "InlineAlign": "Start", "RowIndex": 4, "Width": 216.125}}, {"Bounds": [35.399993896484375, 439.4452667236328, 40.307525634765625, 448.0699005126953], "Font": {"alt_family_name": "CID Font+ F", "embedded": true, "encoding": "Identity-H", "family_name": "CID Font+ F 2", "font_type": "CIDFontType2", "italic": false, "monospaced": false, "name": "CIDFont+F2", "subset": false, "weight": 400}, "HasClip": false, "Page": 1, "Path": "//Document/Sect/Table/TR[5]/TD/L/LI/Lbl", "Text": "* ", "TextSize": 7.67999267578125}, {"Bounds": [40.54559326171875, 439.4452667236328, 165.67584228515625, 448.0699005126953], "Font": {"alt_family_name": "CID Font+ F", "embedded": true, "encoding": "Identity-H", "family_name": "CID Font+ F 2", "font_type": "CIDFontType2", "italic": false, "monospaced": false, "name": "CIDFont+F2", "subset": false, "weight": 400}, "HasClip": false, "Page": 1, "Path": "//Document/Sect/Table/TR[5]/TD/L/LI/LBody", "Text": "12. Funding Opportunity Number: ", "TextSize": 7.67999267578125}, {"Bounds": [35.40119934082031, 407.82350158691406, 40.15528869628906, 416.1785125732422], "Font": {"alt_family_name": "CID Font+ F", "embedded": true, "encoding": "Identity-H", "family_name": "CID Font+ F 1", "font_type": "CIDFontType2", "italic": false, "monospaced": false, "name": "CIDFont+F1", "subset": false, "weight": 400}, "HasClip": false, "Page": 1, "Path": "//Document/Sect/Table/TR[5]/TD/L/LI[2]/Lbl", "Text": "* ", "TextSize": 7.4398956298828125}, {"Bounds": [40.31153869628906, 407.82350158691406, 58.29377746582031, 416.1785125732422], "Font": {"alt_family_name": "CID Font+ F", "embedded": true, "encoding": "Identity-H", "family_name": "CID Font+ F 1", "font_type": "CIDFontType2", "italic": false, "monospaced": false, "name": "CIDFont+F1", "subset": false, "weight": 400}, "HasClip": false, "Page": 1, "Path": "//Document/Sect/Table/TR[5]/TD/L/LI[2]/LBody", "Text": "Title: ", "TextSize": 7.4398956298828125}, {"Path": "//Document/Sect/Table/TR[5]/TD[2]", "attributes": {"BBox": [244.7899999999936, 345.73799999999756, 341.50599999999395, 453.61399999998685], "BlockAlign": "Before", "BorderColor": [[0, 0, 0], [0, 0, 0], null, [0, 0, 0]], "BorderStyle": ["Solid", "Solid", "None", "Solid"], "BorderThickness": [0.625, 0.625, 0, 0.25], "ColIndex": 1, "Height": 107.875, "InlineAlign": "Start", "RowIndex": 4, "Width": 96.75}}, {"Path": "//Document/Sect/Table/TR[5]/TD[3]", "attributes": {"BBox": [340.9059999999881, 345.73799999999756, 580.1759999999776, 453.61399999998685], "BlockAlign": "Before", "BorderColor": [0, 0, 0], "BorderStyle": "Solid", "BorderThickness": [0.625, 0.625, 0.25, 1.375], "ColIndex": 2, "Height": 107.875, "InlineAlign": "Start", "RowIndex": 4, "Width": 239.25}}, {"Bounds": [35.399993896484375, 332.0452575683594, 178.9622344970703, 340.66990661621094], "Page": 1, "Path": "//Document/Sect/Table/TR[6]/TD", "attributes": {"BBox": [28.678799999999683, 325.9389999999985, 244.7899999999936, 347.05799999999], "BlockAlign": "Middle", "BorderColor": [[0, 0, 0], [0, 0, 0], [0, 0, 0], null], "BorderStyle": ["Solid", "Solid", "Solid", "None"], "BorderThickness": [0.625, 0.25, 1.375, 0], "ColIndex": 0, "Height": 21.125, "InlineAlign": "Start", "RowIndex": 5, "Width": 216.125}}, {"Bounds": [35.399993896484375, 332.0452575683594, 178.9622344970703, 340.66990661621094], "Font": {"alt_family_name": "CID Font+ F", "embedded": true, "encoding": "Identity-H", "family_name": "CID Font+ F 2", "font_type": "CIDFontType2", "italic": false, "monospaced": false, "name": "CIDFont+F2", "subset": false, "weight": 400}, "HasClip": false, "Lang": "en", "Page": 1, "Path": "//Document/Sect/Table/TR[6]/TD/P", "Text": "13. Competition Identification Number: ", "TextSize": 7.67999267578125, "attributes": {"LineHeight": 9.25}}, {"Path": "//Document/Sect/Table/TR[6]/TD[2]", "attributes": {"BBox": [244.7899999999936, 325.9389999999985, 341.2659999999887, 347.05799999999], "BlockAlign": "Before", "BorderColor": [[0, 0, 0], [0, 0, 0], null, null], "BorderStyle": ["Solid", "Solid", "None", "None"], "BorderThickness": [0.625, 0.25, 0, 0], "ColIndex": 1, "Height": 21.125, "InlineAlign": "Start", "RowIndex": 5, "Width": 96.5}}, {"Path": "//Document/Sect/Table/TR[6]/TD[3]", "attributes": {"BBox": [341.2659999999887, 326.1789999999892, 580.1759999999776, 347.05799999999], "BlockAlign": "Before", "BorderColor": [[0, 0, 0], null, null, [0, 0, 0]], "BorderStyle": ["Solid", "None", "None", "Solid"], "BorderThickness": [0.625, 0, 0, 1.375], "ColIndex": 2, "Height": 20.875, "InlineAlign": "Start", "RowIndex": 5, "Width": 238.875}}, {"Bounds": [35.40119934082031, 300.42320251464844, 53.23463439941406, 308.77821350097656], "Page": 1, "Path": "//Document/Sect/Table/TR[7]/TD", "attributes": {"BBox": [28.678799999999683, 237.74299999999494, 244.7899999999936, 326.53899999998976], "BlockAlign": "Before", "BorderColor": [[0, 0, 0], [0, 0, 0], [0, 0, 0], null], "BorderStyle": ["Solid", "Solid", "Double", "None"], "BorderThickness": [0.25, 0.625, 1.375, 0], "ColIndex": 0, "Height": 88.75, "InlineAlign": "Start", "RowIndex": 6, "Width": 216.125}}, {"Bounds": [35.40119934082031, 300.42320251464844, 53.23463439941406, 308.77821350097656], "Font": {"alt_family_name": "CID Font+ F", "embedded": true, "encoding": "Identity-H", "family_name": "CID Font+ F 1", "font_type": "CIDFontType2", "italic": false, "monospaced": false, "name": "CIDFont+F1", "subset": false, "weight": 400}, "HasClip": false, "Lang": "en", "Page": 1, "Path": "//Document/Sect/Table/TR[7]/TD/P", "Text": "Title: ", "TextSize": 7.4398956298828125, "attributes": {"LineHeight": 8.875}}, {"Path": "//Document/Sect/Table/TR[7]/TD[2]", "attributes": {"BBox": [244.7899999999936, 237.74299999999494, 341.50599999999395, 326.53899999998976], "BlockAlign": "Before", "BorderColor": [[0, 0, 0], [0, 0, 0], null, [0, 0, 0]], "BorderStyle": ["Solid", "Solid", "None", "Solid"], "BorderThickness": [0.25, 0.625, 0, 0.25], "ColIndex": 1, "Height": 88.75, "InlineAlign": "Start", "RowIndex": 6, "Width": 96.75}}, {"Path": "//Document/Sect/Table/TR[7]/TD[3]", "attributes": {"BBox": [340.9059999999881, 237.74299999999494, 580.1759999999776, 326.1789999999892], "BlockAlign": "Before", "BorderColor": [null, [0, 0, 0], [0, 0, 0], [0, 0, 0]], "BorderStyle": ["None", "Solid", "Solid", "Solid"], "BorderThickness": [0, 0.625, 0.25, 1.375], "ColIndex": 2, "Height": 88.375, "InlineAlign": "Start", "RowIndex": 6, "Width": 239.25}}, {"Bounds": [35.399993896484375, 224.645263671875, 236.2857666015625, 233.2698974609375], "Page": 1, "Path": "//Document/Sect/Table/TR[8]/TD", "attributes": {"BBox": [28.678799999999683, 190.2239999999947, 245.02999999999884, 239.06199999999808], "BlockAlign": "Before", "BorderColor": [0, 0, 0], "BorderStyle": ["Solid", "Solid", "Double", "Solid"], "BorderThickness": [0.625, 0.625, 1.375, 0.25], "ColIndex": 0, "Height": 48.875, "InlineAlign": "Start", "RowIndex": 7, "Width": 216.375}}, {"Bounds": [35.399993896484375, 224.645263671875, 236.2857666015625, 233.2698974609375], "Font": {"alt_family_name": "CID Font+ F", "embedded": true, "encoding": "Identity-H", "family_name": "CID Font+ F 2", "font_type": "CIDFontType2", "italic": false, "monospaced": false, "name": "CIDFont+F2", "subset": false, "weight": 400}, "HasClip": false, "Lang": "en", "Page": 1, "Path": "//Document/Sect/Table/TR[8]/TD/P", "Text": "14. Areas Affected by Project (Cities, Counties, States, ", "TextSize": 7.67999267578125, "attributes": {"LineHeight": 9.25}}, {"Bounds": [236.53919982910156, 204.7656707763672, 325.02867126464844, 233.2698974609375], "Page": 1, "Path": "//Document/Sect/Table/TR[8]/TD[2]", "attributes": {"BBox": [236.14999999999418, 190.2239999999947, 341.2659999999887, 239.06199999999808], "BlockAlign": "Before", "BorderColor": [[0, 0, 0], [0, 0, 0], [0, 0, 0], null], "BorderStyle": ["Solid", "Solid", "Solid", "None"], "BorderThickness": [0.625, 0.625, 0.25, 0], "ColIndex": 1, "Height": 48.875, "InlineAlign": "Start", "RowIndex": 7, "Width": 105.125}}, {"Bounds": [236.53919982910156, 224.645263671875, 256.8374328613281, 233.2698974609375], "Font": {"alt_family_name": "CID Font+ F", "embedded": true, "encoding": "Identity-H", "family_name": "CID Font+ F 2", "font_type": "CIDFontType2", "italic": false, "monospaced": false, "name": "CIDFont+F2", "subset": false, "weight": 400}, "HasClip": false, "Lang": "en", "Page": 1, "Path": "//Document/Sect/Table/TR[8]/TD[2]/P", "Text": "etc.): ", "TextSize": 7.67999267578125, "attributes": {"LineHeight": 9.25}}, {"Bounds": [266.03919982910156, 204.7656707763672, 325.02867126464844, 213.7946014404297], "Font": {"alt_family_name": "CID Font+ F", "embedded": true, "encoding": "Identity-H", "family_name": "CID Font+ F 1", "font_type": "CIDFontType2", "italic": false, "monospaced": false, "name": "CIDFont+F1", "subset": false, "weight": 400}, "HasClip": false, "Lang": "en", "Page": 1, "Path": "//Document/Sect/Table/TR[8]/TD[2]/P[2]", "Text": "Add Attachment ", "TextSize": 8.039993286132812, "attributes": {"LineHeight": 9.625}}, {"Bounds": [346.6824951171875, 204.7656707763672, 495.96826171875, 213.7946014404297], "Page": 1, "Path": "//Document/Sect/Table/TR[8]/TD[3]", "attributes": {"BBox": [341.2659999999887, 190.2239999999947, 580.1759999999776, 239.06199999999808], "BlockAlign": "Middle", "BorderColor": [[0, 0, 0], [0, 0, 0], null, [0, 0, 0]], "BorderStyle": ["Solid", "Solid", "None", "Solid"], "BorderThickness": [0.625, 0.625, 0, 1.375], "ColIndex": 2, "Height": 48.875, "InlineAlign": "Start", "RowIndex": 7, "Width": 238.875}}, {"Bounds": [346.6824951171875, 204.7656707763672, 495.96826171875, 213.7946014404297], "Font": {"alt_family_name": "CID Font+ F", "embedded": true, "encoding": "Identity-H", "family_name": "CID Font+ F 1", "font_type": "CIDFontType2", "italic": false, "monospaced": false, "name": "CIDFont+F1", "subset": false, "weight": 400}, "HasClip": false, "Lang": "en", "Page": 1, "Path": "//Document/Sect/Table/TR[8]/TD[3]/P", "Text": "Delete Attachment View Attachment ", "TextSize": 8.039993286132812, "attributes": {"LineHeight": 9.625}}, {"Bounds": [35.399993896484375, 177.24429321289062, 198.3158416748047, 185.8689422607422], "Page": 1, "Path": "//Document/Sect/Table/TR[9]/TD", "attributes": {"BBox": [28.678799999999683, 130.10699999999633, 244.7899999999936, 191.5439999999944], "BlockAlign": "Before", "BorderColor": [[0, 0, 0], [0, 0, 0], [0, 0, 0], null], "BorderStyle": ["Solid", "Solid", "Double", "None"], "BorderThickness": [0.625, 0.25, 1.375, 0], "ColIndex": 0, "Height": 61.5, "InlineAlign": "Start", "RowIndex": 8, "Width": 216.125}}, {"Bounds": [35.399993896484375, 177.24429321289062, 198.3158416748047, 185.8689422607422], "Font": {"alt_family_name": "CID Font+ F", "embedded": true, "encoding": "Identity-H", "family_name": "CID Font+ F 2", "font_type": "CIDFontType2", "italic": false, "monospaced": false, "name": "CIDFont+F2", "subset": false, "weight": 400}, "HasClip": false, "Lang": "en", "Page": 1, "Path": "//Document/Sect/Table/TR[9]/TD/P", "Text": "* 15. Descriptive Title of Applicant's Project: ", "TextSize": 7.67999267578125, "attributes": {"LineHeight": 9.25}}, {"Path": "//Document/Sect/Table/TR[9]/TD[2]", "attributes": {"BBox": [244.7899999999936, 130.10699999999633, 341.2659999999887, 191.5439999999944], "BlockAlign": "Before", "BorderColor": [[0, 0, 0], [0, 0, 0], null, null], "BorderStyle": ["Solid", "Solid", "None", "None"], "BorderThickness": [0.625, 0.25, 0, 0], "ColIndex": 1, "Height": 61.5, "InlineAlign": "Start", "RowIndex": 8, "Width": 96.5}}, {"Path": "//Document/Sect/Table/TR[9]/TD[3]", "attributes": {"BBox": [341.2659999999887, 130.10699999999633, 580.1759999999776, 191.5439999999944], "BlockAlign": "Before", "BorderColor": [[0, 0, 0], [0, 0, 0], null, [0, 0, 0]], "BorderStyle": ["Solid", "Solid", "None", "Solid"], "BorderThickness": [0.625, 0.25, 0, 1.375], "ColIndex": 2, "Height": 61.5, "InlineAlign": "Start", "RowIndex": 8, "Width": 238.875}}, {"Bounds": [35.40119934082031, 96.52407836914062, 282.1275939941406, 120.98271179199219], "Page": 1, "Path": "//Document/Sect/Table/TR[10]/TD", "attributes": {"BBox": [28.678799999999683, 82.82889999999679, 580.1759999999776, 130.70699999999488], "BlockAlign": "Middle", "BorderColor": [[0, 0, 0], null, [0, 0, 0], [0, 0, 0]], "BorderStyle": ["Solid", "None", "Solid", "Solid"], "BorderThickness": [0.25, 0, 1.375, 1.375], "ColIndex": 0, "ColSpan": 3, "Height": 47.875, "InlineAlign": "Start", "RowIndex": 9, "Width": 551.5}}, {"Bounds": [35.40119934082031, 112.62770080566406, 249.5736083984375, 120.98271179199219], "Font": {"alt_family_name": "CID Font+ F", "embedded": true, "encoding": "Identity-H", "family_name": "CID Font+ F 1", "font_type": "CIDFontType2", "italic": false, "monospaced": false, "name": "CIDFont+F1", "subset": false, "weight": 400}, "HasClip": false, "Page": 1, "Path": "//Document/Sect/Table/TR[10]/TD/P/Sub", "Text": "Attach supporting documents as specified in agency instructions. ", "TextSize": 7.4398956298828125, "attributes": {"Placement": "Block"}}, {"Bounds": [44.87969970703125, 96.52407836914062, 282.1275939941406, 105.55299377441406], "Font": {"alt_family_name": "CID Font+ F", "embedded": true, "encoding": "Identity-H", "family_name": "CID Font+ F 1", "font_type": "CIDFontType2", "italic": false, "monospaced": false, "name": "CIDFont+F1", "subset": false, "weight": 400}, "HasClip": false, "Page": 1, "Path": "//Document/Sect/Table/TR[10]/TD/P/Sub[2]", "Text": "Add Attachments Delete Attachments View Attachments ", "TextSize": 8.039993286132812, "attributes": {"Placement": "Block"}}, {"Bounds": [29.8125, 34.49250793457031, 578.7075042724609, 726.3074951171875], "ClipBounds": [29.8125, 34.49250793457031, 578.7075042724609, 726.3074951171875], "Page": 2, "Path": "//Document/Sect/Figure[2]", "attributes": {"BBox": [29.99879999999939, 34.590799999999945, 578.61599999998, 726.1229999999923], "Placement": "Block"}}], "pages": [{"boxes": {"CropBox": [0.0, 0.0, 612.0, 792.0], "MediaBox": [0.0, 0.0, 612.0, 792.0]}, "height": 792.0, "is_scanned": false, "page_number": 0, "rotation": 0, "width": 612.0}, {"boxes": {"CropBox": [0.0, 0.0, 612.0, 792.0], "MediaBox": [0.0, 0.0, 612.0, 792.0]}, "height": 792.0, "is_scanned": false, "page_number": 1, "rotation": 0, "width": 612.0}, {"boxes": {"CropBox": [0.0, 0.0, 612.0, 792.0], "MediaBox": [0.0, 0.0, 612.0, 792.0]}, "height": 792.0, "is_scanned": false, "page_number": 2, "rotation": 0, "width": 612.0}]}